{"cameraMode":{"drawMode":0,"name":"Shaded","section":"Shading Mode"},"sceneLighting":false,"audioPlay":false,"sceneViewState":{"m_AlwaysRefresh":false,"showFog":true,"showSkybox":false,"showFlares":true,"showImageEffects":true,"showParticleSystems":true,"showVisualEffectGraphs":true,"m_FxEnabled":true},"in2DMode":false,"pivot":{"x":-0.05410599708557129,"y":2.10671067237854,"z":-0.23124372959136964},"rotation":{"x":0.14797315001487733,"y":0.8082495927810669,"z":-0.22918947041034699,"w":0.5218345522880554},"size":9.618668556213379,"orthographic":false}